zip_code,total_population,median_age,total_housing_units,owner_occupied_units,renter_occupied_units,pct_renter_occupied
10001,27004,35.7,14375,3422,10953,76.19
10002,76518,44.2,36028,6224,29804,82.72
10003,53877,32.2,24987,8927,16060,64.27
10004,4579,34.6,2123,893,1230,57.94
10005,8801,29.6,4881,814,4067,83.32
10006,3736,32.0,2046,363,1683,82.26
10007,7506,34.7,3084,1053,2031,65.86
10009,58418,38.2,29670,2835,26835,90.44
10010,32410,35.8,16050,4628,11422,71.17
10011,50772,42.5,28874,10558,18316,63.43
10012,21216,34.8,11529,2355,9174,79.57
10013,29453,40.2,12753,3759,8994,70.52
10014,29461,39.8,17504,4974,12530,71.58
10016,54369,33.3,30162,8224,21938,72.73
10017,14486,41.2,9155,2799,6356,69.43
10018,8659,33.2,4704,584,4120,87.59
10019,42766,41.4,26297,6052,20245,76.99
10020,0,-666666666.0,0,0,0,0.00
10021,40642,43.0,20568,9179,11389,55.37
10022,33586,48.6,18153,8865,9288,51.17
10023,65706,43.0,35742,13634,22108,61.85
10024,62774,43.1,29472,11294,18178,61.68
10025,96988,39.8,41653,13115,28538,68.51
10026,38265,36.1,15237,3014,12223,80.22
10027,65806,31.4,24387,3249,21138,86.68
10028,45717,41.6,24440,8713,15727,64.35
10029,75614,38.3,33406,2284,31122,93.16
10030,31268,37.5,13097,1881,11216,85.64
10031,61044,36.1,22037,2866,19171,86.99
10032,60480,37.3,22285,2071,20214,90.71
10033,58711,37.0,20521,3023,17498,85.27
10034,41570,37.6,15879,1449,14430,90.87
10035,38595,37.1,14833,1445,13388,90.26
10036,30930,39.3,18916,1563,17353,91.74
10037,19138,39.3,10103,683,9420,93.24
10038,23343,34.6,10646,2859,7787,73.14
10039,29887,37.5,12177,1814,10363,85.10
10040,43653,40.3,16541,2442,14099,85.24
10044,11846,39.9,5039,1045,3994,79.26
10065,30859,38.0,16113,5236,10877,67.50
10069,6259,40.0,3142,1024,2118,67.41
10075,23920,44.9,12839,5818,7021,54.68
10103,0,-666666666.0,0,0,0,0.00
10119,0,-666666666.0,0,0,0,0.00
10128,56695,42.3,29328,9084,20244,69.03
10280,8843,45.3,4293,1345,2948,68.67
10282,6450,38.7,2635,240,2395,90.89
10301,40331,36.8,14400,6635,7765,53.92
10302,18567,35.0,5945,3329,2616,44.00
10303,27083,36.3,8675,5534,3141,36.21
10304,44864,38.8,15553,7756,7797,50.13
10305,42211,43.5,15780,10380,5400,34.22
10306,56232,42.2,19872,14392,5480,27.58
10307,14755,42.6,5217,4216,1001,19.19
10308,30075,42.0,10472,8287,2185,20.87
10309,34740,40.8,11792,9431,2361,20.02
10310,26239,36.7,9145,5338,3807,41.63
10311,0,-666666666.0,0,0,0,0.00
10312,63473,40.9,21324,17473,3851,18.06
10314,94355,41.7,31825,23891,7934,24.93
10451,51311,34.3,20965,2973,17992,85.82
10452,78624,33.1,28260,933,27327,96.70
10453,80385,33.8,28456,1338,27118,95.30
10454,41073,33.1,14737,840,13897,94.30
10455,44380,32.2,16254,1907,14347,88.27
10456,88575,33.6,32370,2021,30349,93.76
10457,79817,30.8,26163,1636,24527,93.75
10458,82678,30.5,29116,1210,27906,95.84
10459,51964,32.9,17805,2301,15504,87.08
10460,59852,34.0,21814,2216,19598,89.84
10461,50868,37.8,18807,5933,12874,68.45
10462,77230,35.1,29806,6603,23203,77.85
10463,70296,41.4,29607,10217,19390,65.49
10464,4292,49.4,1990,1318,672,33.77
10465,46311,37.9,16168,8911,7257,44.88
10466,72273,37.3,24622,9810,14812,60.16
10467,98713,35.9,38433,5256,33177,86.32
10468,81397,33.4,28228,2147,26081,92.39
10469,71862,39.7,23337,11950,11387,48.79
10470,15390,38.6,6351,2329,4022,63.33
10471,22888,45.8,8924,4997,3927,44.00
10472,65283,32.5,22114,3685,18429,83.34
10473,60087,37.6,22795,6448,16347,71.71
10474,11280,31.7,3808,380,3428,90.02
10475,43517,43.5,18383,7750,10633,57.84
11004,15702,45.2,5290,3588,1702,32.17
11005,2175,82.9,1555,1461,94,6.05
11101,34279,34.0,16488,2351,14137,85.74
11102,27069,36.0,12164,1862,10302,84.69
11103,34752,35.3,15516,2523,12993,83.74
11104,26939,38.7,11991,2416,9575,79.85
11105,38756,35.7,15851,4314,11537,72.78
11106,40198,36.3,18516,3375,15141,81.77
11109,7280,33.9,3326,841,2485,74.71
11201,69755,35.1,32227,11212,21015,65.21
11203,78506,42.3,29411,11496,17915,60.91
11204,80575,34.7,25118,9032,16086,64.04
11205,50319,29.7,16861,4897,11964,70.96
11206,89949,30.4,32698,3629,29069,88.90
11207,96801,35.4,34831,9925,24906,71.51
11208,108180,33.8,34321,9513,24808,72.28
11209,71812,40.6,30179,10920,19259,63.82
11210,63426,38.2,21652,9404,12248,56.57
11211,65511,31.3,26822,3976,22846,85.18
11212,84006,37.2,32091,4632,27459,85.57
11213,69131,34.0,26281,4204,22077,84.00
11214,90796,40.6,31366,10564,20802,66.32
11215,72014,37.2,29465,11906,17559,59.59
11216,62373,34.2,26311,6658,19653,74.69
11217,43045,35.8,18912,5561,13351,70.60
11218,73318,37.3,26048,9884,16164,62.05
11219,92283,25.8,24031,6470,17561,73.08
11220,93008,36.0,27907,7685,20222,72.46
11221,91236,32.3,35245,7467,27778,78.81
11222,40137,34.8,19108,3508,15600,81.64
11223,80113,37.3,26748,9623,17125,64.02
11224,47893,49.4,19486,5838,13648,70.04
11225,58476,36.0,24873,4505,20368,81.89
11226,101053,35.7,38458,5427,33031,85.89
11228,44196,43.2,15474,8700,6774,43.78
11229,81109,42.2,30751,14866,15885,51.66
11230,90245,35.8,31897,9641,22256,69.77
11231,38829,37.7,16498,5058,11440,69.34
11232,28137,35.5,9589,2170,7419,77.37
11233,83125,35.0,32516,8023,24493,75.33
11234,89976,42.6,32606,22285,10321,31.65
11235,83069,46.7,34769,13076,21693,62.39
11236,100082,39.8,33986,17127,16859,49.61
11237,47183,32.6,17513,1908,15605,89.11
11238,58047,35.3,26492,7650,18842,71.12
11239,16808,45.7,8367,845,7522,89.90
11249,45087,30.2,17047,3218,13829,81.12
11354,53371,47.7,20980,8015,12965,61.80
11355,79495,46.2,29690,8671,21019,70.79
11356,27632,38.7,8391,4275,4116,49.05
11357,42792,47.3,15508,11685,3823,24.65
11358,37647,43.7,13179,7854,5325,40.41
11359,0,-666666666.0,0,0,0,0.00
11360,19719,51.9,8692,6495,2197,25.28
11361,29544,43.5,10886,6751,4135,37.98
11362,18426,50.3,7164,5398,1766,24.65
11363,7365,46.3,2855,2031,824,28.86
11364,38124,44.8,13822,9690,4132,29.89
11365,46424,42.4,16361,7838,8523,52.09
11366,13659,43.4,4640,3174,1466,31.59
11367,43286,36.3,14647,6927,7720,52.71
11368,112750,34.6,30123,6617,23506,78.03
11369,32177,40.0,9736,5477,4259,43.74
11370,28164,39.0,8140,4012,4128,50.71
11371,0,-666666666.0,0,0,0,0.00
11372,67001,41.3,25359,8982,16377,64.58
11373,102618,37.6,32644,9001,23643,72.43
11374,47230,41.4,19800,7960,11840,59.80
11375,75212,44.7,33312,17601,15711,47.16
11377,86977,39.5,33239,10186,23053,69.36
11378,39250,39.8,12818,6660,6158,48.04
11379,38261,44.9,13810,8022,5788,41.91
11385,105521,36.0,37167,11181,25986,69.92
11411,21329,46.5,6602,5674,928,14.06
11412,40593,40.5,11753,8768,2985,25.40
11413,44832,40.3,13512,9886,3626,26.84
11414,30374,45.9,11401,8799,2602,22.82
11415,20315,41.6,8588,3613,4975,57.93
11416,27794,36.8,7485,3691,3794,50.69
11417,31200,36.6,9377,5321,4056,43.25
11418,38317,39.3,11681,5739,5942,50.87
11419,48096,41.4,12908,8089,4819,37.33
11420,51153,40.9,13836,9940,3896,28.16
11421,41552,39.3,11840,6164,5676,47.94
11422,32296,42.0,10019,6916,3103,30.97
11423,29921,43.9,9946,5768,4178,42.01
11424,0,-666666666.0,0,0,0,0.00
11426,19733,45.6,6108,4326,1782,29.17
11427,25187,44.3,8046,5087,2959,36.78
11428,19554,45.9,6153,4565,1588,25.81
11429,27845,41.8,8038,5820,2218,27.59
11430,332,29.5,0,0,0,0.00
11432,64268,38.9,20036,8050,11986,59.82
11433,38865,34.5,10886,5100,5786,53.15
11434,68182,40.0,22986,11074,11912,51.82
11435,59961,36.1,19350,6813,12537,64.79
11691,70365,33.7,21687,6096,15591,71.89
11692,24584,37.1,8128,2919,5209,64.09
11693,13558,44.2,5274,2377,2897,54.93
11694,21788,44.0,7994,4201,3793,47.45
11697,3946,50.1,1533,1485,48,3.13
